Unnamed: 0,date,state,cases,deaths,cases_diff,death_diff
0,2020-1,Arizona,1,0.0,1,0.0
1,2020-1,California,3,0.0,3,0.0
2,2020-1,Illinois,2,0.0,2,0.0
3,2020-1,Massachusetts,1,0.0,1,0.0
4,2020-1,Washington,1,0.0,1,0.0
5,2020-1,Florida,0,0.0,0,0.0
6,2020-1,Nebraska,0,0.0,0,0.0
7,2020-1,New York,0,0.0,0,0.0
8,2020-1,Oregon,0,0.0,0,0.0
9,2020-1,Rhode Island,0,0.0,0,0.0
10,2020-1,Texas,0,0.0,0,0.0
11,2020-1,Utah,0,0.0,0,0.0
12,2020-1,Wisconsin,0,0.0,0,0.0
13,2020-1,Alabama,0,0.0,0,0.0
14,2020-1,Alaska,0,0.0,0,0.0
15,2020-1,Arkansas,0,0.0,0,0.0
16,2020-1,Colorado,0,0.0,0,0.0
17,2020-1,Connecticut,0,0.0,0,0.0
18,2020-1,Delaware,0,0.0,0,0.0
19,2020-1,District of Columbia,0,0.0,0,0.0
20,2020-1,Georgia,0,0.0,0,0.0
21,2020-1,Guam,0,0.0,0,0.0
22,2020-1,Hawaii,0,0.0,0,0.0
23,2020-1,Idaho,0,0.0,0,0.0
24,2020-1,Indiana,0,0.0,0,0.0
25,2020-1,Iowa,0,0.0,0,0.0
26,2020-1,Kansas,0,0.0,0,0.0
27,2020-1,Kentucky,0,0.0,0,0.0
28,2020-1,Louisiana,0,0.0,0,0.0
29,2020-1,Maine,0,0.0,0,0.0
30,2020-1,Maryland,0,0.0,0,0.0
31,2020-1,Michigan,0,0.0,0,0.0
32,2020-1,Minnesota,0,0.0,0,0.0
33,2020-1,Mississippi,0,0.0,0,0.0
34,2020-1,Missouri,0,0.0,0,0.0
35,2020-1,Montana,0,0.0,0,0.0
36,2020-1,Nevada,0,0.0,0,0.0
37,2020-1,New Hampshire,0,0.0,0,0.0
38,2020-1,New Jersey,0,0.0,0,0.0
39,2020-1,New Mexico,0,0.0,0,0.0
40,2020-1,North Carolina,0,0.0,0,0.0
41,2020-1,North Dakota,0,0.0,0,0.0
42,2020-1,Northern Mariana Islands,0,0.0,0,0.0
43,2020-1,Ohio,0,0.0,0,0.0
44,2020-1,Oklahoma,0,0.0,0,0.0
45,2020-1,Pennsylvania,0,0.0,0,0.0
46,2020-1,Puerto Rico,0,0.0,0,0.0
47,2020-1,South Carolina,0,0.0,0,0.0
48,2020-1,South Dakota,0,0.0,0,0.0
49,2020-1,Tennessee,0,0.0,0,0.0
50,2020-1,Vermont,0,0.0,0,0.0
51,2020-1,Virgin Islands,0,0.0,0,0.0
52,2020-1,Virginia,0,0.0,0,0.0
53,2020-1,West Virginia,0,0.0,0,0.0
54,2020-1,Wyoming,0,0.0,0,0.0
55,2020-2,Arizona,1,0.0,0,0.0
56,2020-2,California,33,0.0,30,0.0
57,2020-2,Illinois,3,0.0,1,0.0
58,2020-2,Massachusetts,1,0.0,0,0.0
59,2020-2,Washington,17,3.0,16,3.0
60,2020-2,Florida,2,0.0,2,0.0
61,2020-2,Nebraska,13,0.0,13,0.0
62,2020-2,New York,1,0.0,1,0.0
63,2020-2,Oregon,2,0.0,2,0.0
64,2020-2,Rhode Island,2,0.0,2,0.0
65,2020-2,Texas,11,0.0,11,0.0
66,2020-2,Utah,1,0.0,1,0.0
67,2020-2,Wisconsin,1,0.0,1,0.0
68,2020-2,Alabama,0,0.0,0,0.0
69,2020-2,Alaska,0,0.0,0,0.0
70,2020-2,Arkansas,0,0.0,0,0.0
71,2020-2,Colorado,0,0.0,0,0.0
72,2020-2,Connecticut,0,0.0,0,0.0
73,2020-2,Delaware,0,0.0,0,0.0
74,2020-2,District of Columbia,0,0.0,0,0.0
75,2020-2,Georgia,0,0.0,0,0.0
76,2020-2,Guam,0,0.0,0,0.0
77,2020-2,Hawaii,0,0.0,0,0.0
78,2020-2,Idaho,0,0.0,0,0.0
79,2020-2,Indiana,0,0.0,0,0.0
80,2020-2,Iowa,0,0.0,0,0.0
81,2020-2,Kansas,0,0.0,0,0.0
82,2020-2,Kentucky,0,0.0,0,0.0
83,2020-2,Louisiana,0,0.0,0,0.0
84,2020-2,Maine,0,0.0,0,0.0
85,2020-2,Maryland,0,0.0,0,0.0
86,2020-2,Michigan,0,0.0,0,0.0
87,2020-2,Minnesota,0,0.0,0,0.0
88,2020-2,Mississippi,0,0.0,0,0.0
89,2020-2,Missouri,0,0.0,0,0.0
90,2020-2,Montana,0,0.0,0,0.0
91,2020-2,Nevada,0,0.0,0,0.0
92,2020-2,New Hampshire,0,0.0,0,0.0
93,2020-2,New Jersey,0,0.0,0,0.0
94,2020-2,New Mexico,0,0.0,0,0.0
95,2020-2,North Carolina,0,0.0,0,0.0
96,2020-2,North Dakota,0,0.0,0,0.0
97,2020-2,Northern Mariana Islands,0,0.0,0,0.0
98,2020-2,Ohio,0,0.0,0,0.0
99,2020-2,Oklahoma,0,0.0,0,0.0
100,2020-2,Pennsylvania,0,0.0,0,0.0
101,2020-2,Puerto Rico,0,0.0,0,0.0
102,2020-2,South Carolina,0,0.0,0,0.0
103,2020-2,South Dakota,0,0.0,0,0.0
104,2020-2,Tennessee,0,0.0,0,0.0
105,2020-2,Vermont,0,0.0,0,0.0
106,2020-2,Virgin Islands,0,0.0,0,0.0
107,2020-2,Virginia,0,0.0,0,0.0
108,2020-2,West Virginia,0,0.0,0,0.0
109,2020-2,Wyoming,0,0.0,0,0.0
110,2020-3,Arizona,1413,29.0,1412,29.0
111,2020-3,California,9857,212.0,9824,212.0
112,2020-3,Illinois,6978,146.0,6975,146.0
113,2020-3,Massachusetts,7738,122.0,7737,122.0
114,2020-3,Washington,5589,250.0,5572,247.0
115,2020-3,Florida,7769,100.0,7767,100.0
116,2020-3,Nebraska,249,5.0,236,5.0
117,2020-3,New York,84364,2415.0,84363,2415.0
118,2020-3,Oregon,737,19.0,735,19.0
119,2020-3,Rhode Island,566,10.0,564,10.0
120,2020-3,Texas,4402,65.0,4391,65.0
121,2020-3,Utah,1012,7.0,1011,7.0
122,2020-3,Wisconsin,1552,33.0,1551,33.0
123,2020-3,Alabama,1108,28.0,1108,28.0
124,2020-3,Alaska,143,2.0,143,2.0
125,2020-3,Arkansas,624,10.0,624,10.0
126,2020-3,Colorado,3346,80.0,3346,80.0
127,2020-3,Connecticut,3557,85.0,3557,85.0
128,2020-3,Delaware,368,11.0,368,11.0
129,2020-3,District of Columbia,586,11.0,586,11.0
130,2020-3,Georgia,4747,154.0,4747,154.0
131,2020-3,Guam,147,3.0,147,3.0
132,2020-3,Hawaii,258,1.0,258,1.0
133,2020-3,Idaho,669,9.0,669,9.0
134,2020-3,Indiana,2578,80.0,2578,80.0
135,2020-3,Iowa,549,9.0,549,9.0
136,2020-3,Kansas,489,11.0,489,11.0
137,2020-3,Kentucky,674,20.0,674,20.0
138,2020-3,Louisiana,6424,275.0,6424,275.0
139,2020-3,Maine,344,7.0,344,7.0
140,2020-3,Maryland,1985,33.0,1985,33.0
141,2020-3,Michigan,9292,336.0,9292,336.0
142,2020-3,Minnesota,689,17.0,689,17.0
143,2020-3,Mississippi,1073,22.0,1073,22.0
144,2020-3,Missouri,1580,21.0,1580,21.0
145,2020-3,Montana,219,5.0,219,5.0
146,2020-3,Nevada,1279,32.0,1279,32.0
147,2020-3,New Hampshire,415,4.0,415,4.0
148,2020-3,New Jersey,22255,355.0,22255,355.0
149,2020-3,New Mexico,363,6.0,363,6.0
150,2020-3,North Carolina,1591,11.0,1591,11.0
151,2020-3,North Dakota,147,3.0,147,3.0
152,2020-3,Northern Mariana Islands,6,1.0,6,1.0
153,2020-3,Ohio,2548,65.0,2548,65.0
154,2020-3,Oklahoma,719,30.0,719,30.0
155,2020-3,Pennsylvania,5805,78.0,5805,78.0
156,2020-3,Puerto Rico,286,11.0,286,11.0
157,2020-3,South Carolina,1293,26.0,1293,26.0
158,2020-3,South Dakota,129,1.0,129,1.0
159,2020-3,Tennessee,2689,23.0,2689,23.0
160,2020-3,Vermont,321,16.0,321,16.0
161,2020-3,Virgin Islands,30,0.0,30,0.0
162,2020-3,Virginia,1511,18.0,1511,18.0
163,2020-3,West Virginia,191,2.0,191,2.0
164,2020-3,Wyoming,138,0.0,138,0.0
165,2020-4,Arizona,7962,330.0,6549,301.0
166,2020-4,California,52318,2147.0,42461,1935.0
167,2020-4,Illinois,56055,2464.0,49077,2318.0
168,2020-4,Massachusetts,64311,3716.0,56573,3594.0
169,2020-4,Washington,15134,829.0,9545,579.0
170,2020-4,Florida,34720,1313.0,26951,1213.0
171,2020-4,Nebraska,4838,72.0,4589,67.0
172,2020-4,New York,313575,23841.0,229211,21426.0
173,2020-4,Oregon,2579,104.0,1842,85.0
174,2020-4,Rhode Island,8962,279.0,8396,269.0
175,2020-4,Texas,30342,853.0,25940,788.0
176,2020-4,Utah,4829,46.0,3817,39.0
177,2020-4,Wisconsin,7439,327.0,5887,294.0
178,2020-4,Alabama,7294,289.0,6186,261.0
179,2020-4,Alaska,362,7.0,219,5.0
180,2020-4,Arkansas,3310,64.0,2686,54.0
181,2020-4,Colorado,15661,818.0,12315,738.0
182,2020-4,Connecticut,28764,2339.0,25207,2254.0
183,2020-4,Delaware,4918,159.0,4550,148.0
184,2020-4,District of Columbia,4658,231.0,4072,220.0
185,2020-4,Georgia,26436,1153.0,21689,999.0
186,2020-4,Guam,1115,6.0,968,3.0
187,2020-4,Hawaii,610,16.0,352,15.0
188,2020-4,Idaho,2035,63.0,1366,54.0
189,2020-4,Indiana,18941,1175.0,16363,1095.0
190,2020-4,Iowa,7883,170.0,7334,161.0
191,2020-4,Kansas,4510,136.0,4021,125.0
192,2020-4,Kentucky,4879,248.0,4205,228.0
193,2020-4,Louisiana,28754,1970.0,22330,1695.0
194,2020-4,Maine,1123,55.0,779,48.0
195,2020-4,Maryland,23566,1192.0,21581,1159.0
196,2020-4,Michigan,42348,3866.0,33056,3530.0
197,2020-4,Minnesota,5730,371.0,5041,354.0
198,2020-4,Mississippi,7212,281.0,6139,259.0
199,2020-4,Missouri,7840,355.0,6260,334.0
200,2020-4,Montana,452,16.0,233,11.0
201,2020-4,Nevada,5249,254.0,3970,222.0
202,2020-4,New Hampshire,2310,81.0,1895,77.0
203,2020-4,New Jersey,121190,7538.0,98935,7183.0
204,2020-4,New Mexico,3513,131.0,3150,125.0
205,2020-4,North Carolina,10922,405.0,9331,394.0
206,2020-4,North Dakota,1107,23.0,960,20.0
207,2020-4,Northern Mariana Islands,14,2.0,8,1.0
208,2020-4,Ohio,18743,1002.0,16195,937.0
209,2020-4,Oklahoma,3748,230.0,3029,200.0
210,2020-4,Pennsylvania,49764,2671.0,43959,2593.0
211,2020-4,Puerto Rico,1573,94.0,1287,83.0
212,2020-4,South Carolina,6258,256.0,4965,230.0
213,2020-4,South Dakota,2525,21.0,2396,20.0
214,2020-4,Tennessee,11781,205.0,9092,182.0
215,2020-4,Vermont,879,49.0,558,33.0
216,2020-4,Virgin Islands,66,4.0,36,4.0
217,2020-4,Virginia,16903,581.0,15392,563.0
218,2020-4,West Virginia,1152,47.0,961,45.0
219,2020-4,Wyoming,566,7.0,428,7.0
220,2020-5,Arizona,20123,918.0,12161,588.0
221,2020-5,California,115643,4287.0,63325,2140.0
222,2020-5,Illinois,121666,5458.0,65611,2994.0
223,2020-5,Massachusetts,100805,7035.0,36494,3319.0
224,2020-5,Washington,23272,1133.0,8138,304.0
225,2020-5,Florida,56822,2459.0,22102,1146.0
226,2020-5,Nebraska,14345,183.0,9507,111.0
227,2020-5,New York,376520,29766.0,62945,5925.0
228,2020-5,Oregon,4303,154.0,1724,50.0
229,2020-5,Rhode Island,14991,720.0,6029,441.0
230,2020-5,Texas,66081,1695.0,35739,842.0
231,2020-5,Utah,10026,113.0,5197,67.0
232,2020-5,Wisconsin,18825,597.0,11386,270.0
233,2020-5,Alabama,18534,646.0,11240,357.0
234,2020-5,Alaska,476,8.0,114,1.0
235,2020-5,Arkansas,7443,133.0,4133,69.0
236,2020-5,Colorado,26563,1458.0,10902,640.0
237,2020-5,Connecticut,42740,3964.0,13976,1625.0
238,2020-5,Delaware,9605,368.0,4687,209.0
239,2020-5,District of Columbia,8857,468.0,4199,237.0
240,2020-5,Georgia,45757,2057.0,19321,904.0
241,2020-5,Guam,1144,6.0,29,0.0
242,2020-5,Hawaii,642,17.0,32,1.0
243,2020-5,Idaho,2908,83.0,873,20.0
244,2020-5,Indiana,35684,2142.0,16743,967.0
245,2020-5,Iowa,19789,558.0,11906,388.0
246,2020-5,Kansas,10103,217.0,5593,81.0
247,2020-5,Kentucky,10150,445.0,5271,197.0
248,2020-5,Louisiana,40452,2801.0,11698,831.0
249,2020-5,Maine,2349,89.0,1226,34.0
250,2020-5,Maryland,54035,2552.0,30469,1360.0
251,2020-5,Michigan,58435,5525.0,16087,1659.0
252,2020-5,Minnesota,25218,1060.0,19488,689.0
253,2020-5,Mississippi,15752,739.0,8540,458.0
254,2020-5,Missouri,13523,786.0,5683,431.0
255,2020-5,Montana,519,17.0,67,1.0
256,2020-5,Nevada,8701,420.0,3452,166.0
257,2020-5,New Hampshire,4685,245.0,2375,164.0
258,2020-5,New Jersey,160918,11721.0,39728,4183.0
259,2020-5,New Mexico,7800,362.0,4287,231.0
260,2020-5,North Carolina,29368,923.0,18446,518.0
261,2020-5,North Dakota,2628,64.0,1521,41.0
262,2020-5,Northern Mariana Islands,22,2.0,8,0.0
263,2020-5,Ohio,35984,2206.0,17241,1204.0
264,2020-5,Oklahoma,6573,334.0,2825,104.0
265,2020-5,Pennsylvania,76734,5574.0,26970,2903.0
266,2020-5,Puerto Rico,3873,,2300,
267,2020-5,South Carolina,12148,500.0,5890,244.0
268,2020-5,South Dakota,5034,62.0,2509,41.0
269,2020-5,Tennessee,23242,361.0,11461,156.0
270,2020-5,Vermont,983,55.0,104,6.0
271,2020-5,Virgin Islands,70,6.0,4,2.0
272,2020-5,Virginia,45398,1392.0,28495,811.0
273,2020-5,West Virginia,2028,76.0,876,29.0
274,2020-5,Wyoming,910,17.0,344,10.0
275,2020-6,Arizona,84152,1726.0,64029,808.0
276,2020-6,California,239764,6168.0,124121,1881.0
277,2020-6,Illinois,145541,7160.0,23875,1702.0
278,2020-6,Massachusetts,109143,8081.0,8338,1046.0
279,2020-6,Washington,35258,1340.0,11986,207.0
280,2020-6,Florida,158989,3549.0,102167,1090.0
281,2020-6,Nebraska,19325,282.0,4980,99.0
282,2020-6,New York,398770,31791.0,22250,2025.0
283,2020-6,Oregon,9019,211.0,4716,57.0
284,2020-6,Rhode Island,16853,956.0,1862,236.0
285,2020-6,Texas,174826,2518.0,108745,823.0
286,2020-6,Utah,22864,173.0,12838,60.0
287,2020-6,Wisconsin,32307,794.0,13482,197.0
288,2020-6,Alabama,38962,972.0,20428,326.0
289,2020-6,Alaska,1174,12.0,698,4.0
290,2020-6,Arkansas,21197,277.0,13754,144.0
291,2020-6,Colorado,33012,1697.0,6449,239.0
292,2020-6,Connecticut,46572,4324.0,3832,360.0
293,2020-6,Delaware,11510,509.0,1905,141.0
294,2020-6,District of Columbia,10365,553.0,1508,85.0
295,2020-6,Georgia,79589,2779.0,33832,722.0
296,2020-6,Guam,1240,6.0,96,0.0
297,2020-6,Hawaii,909,18.0,267,1.0
298,2020-6,Idaho,6379,92.0,3471,9.0
299,2020-6,Indiana,47116,2650.0,11432,508.0
300,2020-6,Iowa,29618,717.0,9829,159.0
301,2020-6,Kansas,15142,280.0,5039,63.0
302,2020-6,Kentucky,16114,597.0,5964,152.0
303,2020-6,Louisiana,60286,3238.0,19834,437.0
304,2020-6,Maine,3294,105.0,945,16.0
305,2020-6,Maryland,68502,3205.0,14467,653.0
306,2020-6,Michigan,71279,6202.0,12844,677.0
307,2020-6,Minnesota,36753,1482.0,11535,422.0
308,2020-6,Mississippi,27900,1082.0,12148,343.0
309,2020-6,Missouri,22595,1049.0,9072,263.0
310,2020-6,Montana,1016,22.0,497,5.0
311,2020-6,Nevada,19151,512.0,10450,92.0
312,2020-6,New Hampshire,5802,373.0,1117,128.0
313,2020-6,New Jersey,173782,15078.0,12864,3357.0
314,2020-6,New Mexico,12276,500.0,4476,138.0
315,2020-6,North Carolina,66815,1389.0,37447,466.0
316,2020-6,North Dakota,3624,89.0,996,25.0
317,2020-6,Northern Mariana Islands,30,2.0,8,0.0
318,2020-6,Ohio,52865,2876.0,16881,670.0
319,2020-6,Oklahoma,14112,389.0,7539,55.0
320,2020-6,Pennsylvania,91864,6704.0,15130,1130.0
321,2020-6,Puerto Rico,7537,,3664,
322,2020-6,South Carolina,37919,766.0,25771,266.0
323,2020-6,South Dakota,6826,93.0,1792,31.0
324,2020-6,Tennessee,44360,602.0,21118,241.0
325,2020-6,Vermont,1210,56.0,227,1.0
326,2020-6,Virgin Islands,92,6.0,22,0.0
327,2020-6,Virginia,63203,1786.0,17805,394.0
328,2020-6,West Virginia,2979,93.0,951,17.0
329,2020-6,Wyoming,1514,20.0,604,3.0
330,2020-7,Arizona,177019,3753.0,92867,2027.0
331,2020-7,California,509507,9365.0,269743,3197.0
332,2020-7,Illinois,182232,7707.0,36691,547.0
333,2020-7,Massachusetts,118040,8626.0,8897,545.0
334,2020-7,Washington,59648,1675.0,24390,335.0
335,2020-7,Florida,480020,7021.0,321031,3472.0
336,2020-7,Nebraska,26391,338.0,7066,56.0
337,2020-7,New York,420477,32390.0,21707,599.0
338,2020-7,Oregon,18817,329.0,9798,118.0
339,2020-7,Rhode Island,19022,1007.0,2169,51.0
340,2020-7,Texas,448224,7477.0,273398,4959.0
341,2020-7,Utah,40754,312.0,17890,139.0
342,2020-7,Wisconsin,58064,955.0,25757,161.0
343,2020-7,Alabama,89349,1603.0,50387,631.0
344,2020-7,Alaska,3825,22.0,2651,10.0
345,2020-7,Arkansas,43173,458.0,21976,181.0
346,2020-7,Colorado,47357,1846.0,14345,149.0
347,2020-7,Connecticut,49810,4432.0,3238,108.0
348,2020-7,Delaware,14877,585.0,3367,76.0
349,2020-7,District of Columbia,12205,585.0,1840,32.0
350,2020-7,Georgia,174834,3744.0,95245,965.0
351,2020-7,Guam,1328,6.0,88,0.0
352,2020-7,Hawaii,2174,25.0,1265,7.0
353,2020-7,Idaho,21231,197.0,14852,105.0
354,2020-7,Indiana,68773,2971.0,21657,321.0
355,2020-7,Iowa,45293,874.0,15675,157.0
356,2020-7,Kansas,28147,358.0,13005,78.0
357,2020-7,Kentucky,31612,758.0,15498,161.0
358,2020-7,Louisiana,116394,3949.0,56108,711.0
359,2020-7,Maine,3937,123.0,643,18.0
360,2020-7,Maryland,89925,3506.0,21423,301.0
361,2020-7,Michigan,91450,6460.0,20171,258.0
362,2020-7,Minnesota,55228,1646.0,18475,164.0
363,2020-7,Mississippi,59881,1693.0,31981,611.0
364,2020-7,Missouri,52012,1311.0,29417,262.0
365,2020-7,Montana,4081,61.0,3065,39.0
366,2020-7,Nevada,49207,832.0,30056,320.0
367,2020-7,New Hampshire,6613,416.0,811,43.0
368,2020-7,New Jersey,183904,15830.0,10122,752.0
369,2020-7,New Mexico,20796,651.0,8520,151.0
370,2020-7,North Carolina,124015,1989.0,57200,600.0
371,2020-7,North Dakota,6606,107.0,2982,18.0
372,2020-7,Northern Mariana Islands,44,2.0,14,0.0
373,2020-7,Ohio,92087,3515.0,39222,639.0
374,2020-7,Oklahoma,37706,549.0,23594,160.0
375,2020-7,Pennsylvania,117468,7270.0,25604,566.0
376,2020-7,Puerto Rico,17872,,10335,
377,2020-7,South Carolina,90599,1751.0,52680,985.0
378,2020-7,South Dakota,8867,134.0,2041,41.0
379,2020-7,Tennessee,105455,1056.0,61095,454.0
380,2020-7,Vermont,1421,57.0,211,1.0
381,2020-7,Virgin Islands,421,8.0,329,2.0
382,2020-7,Virginia,90801,2215.0,27598,429.0
383,2020-7,West Virginia,6735,116.0,3756,23.0
384,2020-7,Wyoming,2769,26.0,1255,6.0
385,2020-8,Arizona,202375,5048.0,25356,1295.0
386,2020-8,California,716628,13149.0,207121,3784.0
387,2020-8,Illinois,239115,8299.0,56883,592.0
388,2020-8,Massachusetts,128888,9064.0,10848,438.0
389,2020-8,Washington,78061,2018.0,18413,343.0
390,2020-8,Florida,631032,11373.0,151012,4352.0
391,2020-8,Nebraska,34574,405.0,8183,67.0
392,2020-8,New York,440237,32551.0,19760,161.0
393,2020-8,Oregon,26958,467.0,8141,138.0
394,2020-8,Rhode Island,22002,1050.0,2980,43.0
395,2020-8,Texas,645534,13004.0,197310,5527.0
396,2020-8,Utah,52505,410.0,11751,98.0
397,2020-8,Wisconsin,81688,1141.0,23624,186.0
398,2020-8,Alabama,127616,2200.0,38267,597.0
399,2020-8,Alaska,6109,36.0,2284,14.0
400,2020-8,Arkansas,61497,814.0,18324,356.0
401,2020-8,Colorado,58118,1953.0,10761,107.0
402,2020-8,Connecticut,53006,4466.0,3196,34.0
403,2020-8,Delaware,17535,605.0,2658,20.0
404,2020-8,District of Columbia,14049,607.0,1844,22.0
405,2020-8,Georgia,256544,5604.0,81710,1860.0
406,2020-8,Guam,2416,14.0,1088,8.0
407,2020-8,Hawaii,8628,73.0,6454,48.0
408,2020-8,Idaho,32703,370.0,11472,173.0
409,2020-8,Indiana,96988,3312.0,28215,341.0
410,2020-8,Iowa,65846,1125.0,20553,251.0
411,2020-8,Kansas,43491,454.0,15344,96.0
412,2020-8,Kentucky,51762,983.0,20150,225.0
413,2020-8,Louisiana,149583,4984.0,33189,1035.0
414,2020-8,Maine,4548,132.0,611,9.0
415,2020-8,Maryland,109353,3761.0,19428,255.0
416,2020-8,Michigan,113969,6770.0,22519,310.0
417,2020-8,Minnesota,76404,1872.0,21176,226.0
418,2020-8,Mississippi,83584,2493.0,23703,800.0
419,2020-8,Missouri,87414,1651.0,35402,340.0
420,2020-8,Montana,7526,105.0,3445,44.0
421,2020-8,Nevada,69708,1313.0,20501,481.0
422,2020-8,New Hampshire,7297,432.0,684,16.0
423,2020-8,New Jersey,194070,15950.0,10166,120.0
424,2020-8,New Mexico,25460,787.0,4664,136.0
425,2020-8,North Carolina,169966,2769.0,45951,780.0
426,2020-8,North Dakota,12004,149.0,5398,42.0
427,2020-8,Northern Mariana Islands,57,2.0,13,0.0
428,2020-8,Ohio,124610,4165.0,32523,650.0
429,2020-8,Oklahoma,59399,809.0,21693,260.0
430,2020-8,Pennsylvania,139591,7764.0,22123,494.0
431,2020-8,Puerto Rico,33421,,15549,
432,2020-8,South Carolina,119846,2757.0,29247,1006.0
433,2020-8,South Dakota,13749,167.0,4882,33.0
434,2020-8,Tennessee,153274,1753.0,47819,697.0
435,2020-8,Vermont,1635,58.0,214,1.0
436,2020-8,Virgin Islands,1143,15.0,722,7.0
437,2020-8,Virginia,121615,2612.0,30814,397.0
438,2020-8,West Virginia,10507,222.0,3772,106.0
439,2020-8,Wyoming,3866,41.0,1097,15.0
440,2020-9,Arizona,219214,5674.0,16839,626.0
441,2020-9,California,824306,15989.0,107678,2840.0
442,2020-9,Illinois,299111,8956.0,59996,657.0
443,2020-9,Massachusetts,132870,9480.0,3982,416.0
444,2020-9,Washington,92166,2227.0,14105,209.0
445,2020-9,Florida,709136,14443.0,78104,3070.0
446,2020-9,Nebraska,46185,497.0,11611,92.0
447,2020-9,New York,464752,32768.0,24515,217.0
448,2020-9,Oregon,33865,561.0,6907,94.0
449,2020-9,Rhode Island,24914,1117.0,2912,67.0
450,2020-9,Texas,788066,16220.0,142532,3216.0
451,2020-9,Utah,74099,460.0,21594,50.0
452,2020-9,Wisconsin,132176,1358.0,50488,217.0
453,2020-9,Alabama,155744,2548.0,28128,348.0
454,2020-9,Alaska,8838,53.0,2729,17.0
455,2020-9,Arkansas,84821,1384.0,23324,570.0
456,2020-9,Colorado,71723,2064.0,13605,111.0
457,2020-9,Connecticut,57742,4511.0,4736,45.0
458,2020-9,Delaware,20787,636.0,3252,31.0
459,2020-9,District of Columbia,15358,628.0,1309,21.0
460,2020-9,Georgia,303010,6903.0,46466,1299.0
461,2020-9,Guam,3519,50.0,1103,36.0
462,2020-9,Hawaii,12660,138.0,4032,65.0
463,2020-9,Idaho,42915,473.0,10212,103.0
464,2020-9,Indiana,123459,3645.0,26471,333.0
465,2020-9,Iowa,90483,1366.0,24637,241.0
466,2020-9,Kansas,61103,678.0,17612,224.0
467,2020-9,Kentucky,73619,1225.0,21857,242.0
468,2020-9,Louisiana,168009,5519.0,18426,535.0
469,2020-9,Maine,5431,142.0,883,10.0
470,2020-9,Maryland,125997,3949.0,16644,188.0
471,2020-9,Michigan,139064,7103.0,25095,333.0
472,2020-9,Minnesota,100253,2102.0,23849,230.0
473,2020-9,Mississippi,98886,2979.0,15302,486.0
474,2020-9,Missouri,131778,2184.0,44364,533.0
475,2020-9,Montana,13626,181.0,6100,76.0
476,2020-9,Nevada,80507,1603.0,10799,290.0
477,2020-9,New Hampshire,8317,441.0,1020,9.0
478,2020-9,New Jersey,207676,16127.0,13606,177.0
479,2020-9,New Mexico,29661,882.0,4201,95.0
480,2020-9,North Carolina,213218,3601.0,43252,832.0
481,2020-9,North Dakota,22221,259.0,10217,110.0
482,2020-9,Northern Mariana Islands,70,2.0,13,0.0
483,2020-9,Ohio,155314,4817.0,30704,652.0
484,2020-9,Oklahoma,88369,1035.0,28970,226.0
485,2020-9,Pennsylvania,165078,8234.0,25487,470.0
486,2020-9,Puerto Rico,49067,,15646,
487,2020-9,South Carolina,148323,3400.0,28477,643.0
488,2020-9,South Dakota,23136,236.0,9387,69.0
489,2020-9,Tennessee,194601,2473.0,41327,720.0
490,2020-9,Vermont,1755,58.0,120,0.0
491,2020-9,Virgin Islands,1326,20.0,183,5.0
492,2020-9,Virginia,148721,3228.0,27106,616.0
493,2020-9,West Virginia,16024,354.0,5517,132.0
494,2020-9,Wyoming,6083,53.0,2217,12.0
495,2020-10,Arizona,247484,5981.0,28270,307.0
496,2020-10,California,938883,17671.0,114577,1682.0
497,2020-10,Illinois,424860,10091.0,125749,1135.0
498,2020-10,Massachusetts,159707,10013.0,26837,533.0
499,2020-10,Washington,113109,2468.0,20943,241.0
500,2020-10,Florida,807404,16788.0,98268,2345.0
501,2020-10,Nebraska,71666,661.0,25481,164.0
502,2020-10,New York,514482,33174.0,49730,406.0
503,2020-10,Oregon,45419,691.0,11554,130.0
504,2020-10,Rhode Island,32874,1201.0,7960,84.0
505,2020-10,Texas,957789,18582.0,169723,2362.0
506,2020-10,Utah,116510,614.0,42411,154.0
507,2020-10,Wisconsin,241423,2110.0,109247,752.0
508,2020-10,Alabama,193985,2973.0,38241,425.0
509,2020-10,Alaska,16597,78.0,7759,25.0
510,2020-10,Arkansas,113057,1958.0,28236,574.0
511,2020-10,Colorado,110640,2312.0,38917,248.0
512,2020-10,Connecticut,71207,4616.0,13465,105.0
513,2020-10,Delaware,25126,710.0,4339,74.0
514,2020-10,District of Columbia,17369,646.0,2011,18.0
515,2020-10,Georgia,373700,7792.0,70690,889.0
516,2020-10,Guam,5659,80.0,2140,30.0
517,2020-10,Hawaii,15287,218.0,2627,80.0
518,2020-10,Idaho,65272,631.0,22357,158.0
519,2020-10,Indiana,184589,4364.0,61130,719.0
520,2020-10,Iowa,131097,1733.0,40614,367.0
521,2020-10,Kansas,86809,1029.0,25706,351.0
522,2020-10,Kentucky,110600,1554.0,36981,329.0
523,2020-10,Louisiana,187720,5926.0,19711,407.0
524,2020-10,Maine,6715,147.0,1284,5.0
525,2020-10,Maryland,146627,4152.0,20630,203.0
526,2020-10,Michigan,197501,7700.0,58437,597.0
527,2020-10,Minnesota,150726,2529.0,50473,427.0
528,2020-10,Mississippi,120500,3348.0,21614,369.0
529,2020-10,Missouri,192141,3091.0,60363,907.0
530,2020-10,Montana,33495,378.0,19869,197.0
531,2020-10,Nevada,101594,1783.0,21087,180.0
532,2020-10,New Hampshire,11214,483.0,2897,42.0
533,2020-10,New Jersey,241422,16354.0,33746,227.0
534,2020-10,New Mexico,47232,1026.0,17571,144.0
535,2020-10,North Carolina,276706,4405.0,63488,804.0
536,2020-10,North Dakota,45048,536.0,22827,277.0
537,2020-10,Northern Mariana Islands,96,2.0,26,0.0
538,2020-10,Ohio,219000,5303.0,63686,486.0
539,2020-10,Oklahoma,124111,1345.0,35742,310.0
540,2020-10,Pennsylvania,214500,8888.0,49422,654.0
541,2020-10,Puerto Rico,66661,,17594,
542,2020-10,South Carolina,178023,3936.0,29700,536.0
543,2020-10,South Dakota,47324,437.0,24188,201.0
544,2020-10,Tennessee,257658,3322.0,63057,849.0
545,2020-10,Vermont,2196,58.0,441,0.0
546,2020-10,Virgin Islands,1376,21.0,50,1.0
547,2020-10,Virginia,182392,3655.0,33671,427.0
548,2020-10,West Virginia,24883,457.0,8859,103.0
549,2020-10,Wyoming,13723,87.0,7640,34.0
550,2020-11,Arizona,338254,6692.0,90770,711.0
551,2020-11,California,1253867,19327.0,314984,1656.0
552,2020-11,Illinois,740510,13175.0,315650,3084.0
553,2020-11,Massachusetts,229205,10778.0,69498,765.0
554,2020-11,Washington,174969,2927.0,61860,459.0
555,2020-11,Florida,1008158,18678.0,200754,1890.0
556,2020-11,Nebraska,130796,1092.0,59130,431.0
557,2020-11,New York,660041,34222.0,145559,1048.0
558,2020-11,Oregon,76655,938.0,31236,247.0
559,2020-11,Rhode Island,57906,1380.0,25032,179.0
560,2020-11,Texas,1275499,22204.0,317710,3622.0
561,2020-11,Utah,198260,890.0,81750,276.0
562,2020-11,Wisconsin,416365,3628.0,174942,1518.0
563,2020-11,Alabama,252900,3638.0,58915,665.0
564,2020-11,Alaska,32911,116.0,16314,38.0
565,2020-11,Arkansas,159309,2512.0,46252,554.0
566,2020-11,Colorado,238779,3136.0,128139,824.0
567,2020-11,Connecticut,118754,5040.0,47547,424.0
568,2020-11,Delaware,36343,777.0,11217,67.0
569,2020-11,District of Columbia,21685,685.0,4316,39.0
570,2020-11,Georgia,458985,9253.0,85285,1461.0
571,2020-11,Guam,7858,113.0,2199,33.0
572,2020-11,Hawaii,18049,242.0,2762,24.0
573,2020-11,Idaho,103642,966.0,38370,335.0
574,2020-11,Indiana,347097,5864.0,162508,1500.0
575,2020-11,Iowa,233062,2449.0,101965,716.0
576,2020-11,Kansas,160718,1560.0,73909,531.0
577,2020-11,Kentucky,187285,2097.0,76685,543.0
578,2020-11,Louisiana,237740,6455.0,50020,529.0
579,2020-11,Maine,11976,214.0,5261,67.0
580,2020-11,Maryland,201479,4673.0,54852,521.0
581,2020-11,Michigan,394838,9758.0,197337,2058.0
582,2020-11,Minnesota,322371,3674.0,171645,1145.0
583,2020-11,Mississippi,154411,3836.0,33911,488.0
584,2020-11,Missouri,317903,4130.0,125762,1039.0
585,2020-11,Montana,63324,700.0,29829,322.0
586,2020-11,Nevada,155312,2182.0,53718,399.0
587,2020-11,New Hampshire,21766,528.0,10552,45.0
588,2020-11,New Jersey,343739,17083.0,102317,729.0
589,2020-11,New Mexico,99419,1589.0,52187,563.0
590,2020-11,North Carolina,368615,5322.0,91909,917.0
591,2020-11,North Dakota,79661,960.0,34613,424.0
592,2020-11,Northern Mariana Islands,106,2.0,10,0.0
593,2020-11,Ohio,430093,6548.0,211093,1245.0
594,2020-11,Oklahoma,199482,1758.0,75371,413.0
595,2020-11,Pennsylvania,372688,10614.0,158188,1726.0
596,2020-11,Puerto Rico,86935,,20274,
597,2020-11,South Carolina,218912,4404.0,40889,468.0
598,2020-11,South Dakota,80912,948.0,33588,511.0
599,2020-11,Tennessee,371980,4584.0,114322,1262.0
600,2020-11,Vermont,4239,72.0,2043,14.0
601,2020-11,Virgin Islands,1550,23.0,174,2.0
602,2020-11,Virginia,240063,4093.0,57671,438.0
603,2020-11,West Virginia,48818,758.0,23935,301.0
604,2020-11,Wyoming,33805,230.0,20082,143.0
605,2021-0,Arizona,530267,9015.0,192013,2323.0
606,2021-0,California,2345726,26236.0,1091859,6909.0
607,2021-0,Illinois,966287,17979.0,225777,4804.0
608,2021-0,Massachusetts,375178,12423.0,145973,1645.0
609,2021-0,Washington,251585,3523.0,76616,596.0
610,2021-0,Florida,1323307,21672.0,315149,2994.0
611,2021-0,Nebraska,168567,1707.0,37771,615.0
612,2021-0,New York,996073,37733.0,336032,3511.0
613,2021-0,Oregon,115377,1501.0,38722,563.0
614,2021-0,Rhode Island,87949,1777.0,30043,397.0
615,2021-0,Texas,1779961,28434.0,504462,6230.0
616,2021-0,Utah,276612,1273.0,78352,383.0
617,2021-0,Wisconsin,522523,5257.0,106158,1629.0
618,2021-0,Alabama,365747,4872.0,112847,1234.0
619,2021-0,Alaska,46740,198.0,13829,82.0
620,2021-0,Arkansas,229442,3711.0,70133,1199.0
621,2021-0,Colorado,338357,4936.0,99578,1800.0
622,2021-0,Connecticut,185708,5995.0,66954,955.0
623,2021-0,Delaware,58064,930.0,21721,153.0
624,2021-0,District of Columbia,29252,788.0,7567,103.0
625,2021-0,Georgia,654950,10610.0,195965,1357.0
626,2021-0,Guam,8295,123.0,437,10.0
627,2021-0,Hawaii,21736,287.0,3687,45.0
628,2021-0,Idaho,141388,1438.0,37746,472.0
629,2021-0,Indiana,520750,8371.0,173653,2507.0
630,2021-0,Iowa,282980,3898.0,49918,1449.0
631,2021-0,Kansas,230352,2879.0,69634,1319.0
632,2021-0,Kentucky,269470,2956.0,82185,859.0
633,2021-0,Louisiana,315275,7488.0,77535,1033.0
634,2021-0,Maine,24201,347.0,12225,133.0
635,2021-0,Maryland,280387,5942.0,78908,1269.0
636,2021-0,Michigan,527376,13011.0,132538,3253.0
637,2021-0,Minnesota,415361,5382.0,92990,1708.0
638,2021-0,Mississippi,218386,4816.0,63975,980.0
639,2021-0,Missouri,421217,5906.0,103314,1776.0
640,2021-0,Montana,81701,962.0,18377,262.0
641,2021-0,Nevada,227046,3146.0,71734,964.0
642,2021-0,New Hampshire,44028,759.0,22262,231.0
643,2021-0,New Jersey,484882,19160.0,141143,2077.0
644,2021-0,New Mexico,144142,2504.0,44723,915.0
645,2021-0,North Carolina,543976,6819.0,175361,1497.0
646,2021-0,North Dakota,92777,1316.0,13116,356.0
647,2021-0,Northern Mariana Islands,122,2.0,16,0.0
648,2021-0,Ohio,700380,8962.0,270287,2414.0
649,2021-0,Oklahoma,290936,2489.0,91454,731.0
650,2021-0,Pennsylvania,652952,16247.0,280264,5633.0
651,2021-0,Puerto Rico,110669,,23734,
652,2021-0,South Carolina,307507,5296.0,88595,892.0
653,2021-0,South Dakota,99164,1488.0,18252,540.0
654,2021-0,Tennessee,572579,6846.0,200599,2262.0
655,2021-0,Vermont,7412,136.0,3173,64.0
656,2021-0,Virgin Islands,2036,23.0,486,0.0
657,2021-0,Virginia,354766,5081.0,114703,988.0
658,2021-0,West Virginia,87820,1361.0,39002,603.0
659,2021-0,Wyoming,44409,438.0,10604,208.0
660,2021-1,Arizona,762458,13124.0,232191,4109.0
661,2021-1,California,3341560,41284.0,995834,15048.0
662,2021-1,Illinois,1131212,21273.0,164925,3294.0
663,2021-1,Massachusetts,526423,14607.0,151245,2184.0
664,2021-1,Washington,317703,4404.0,66118,881.0
665,2021-1,Florida,1727099,26684.0,403792,5012.0
666,2021-1,Nebraska,192112,2031.0,23545,324.0
667,2021-1,New York,1429096,43354.0,433023,5621.0
668,2021-1,Oregon,143373,1980.0,27996,479.0
669,2021-1,Rhode Island,115956,2173.0,28007,396.0
670,2021-1,Texas,2414468,37405.0,634507,8971.0
671,2021-1,Utah,347210,1669.0,70598,396.0
672,2021-1,Wisconsin,592921,6439.0,70398,1182.0
673,2021-1,Alabama,460860,7688.0,95113,2816.0
674,2021-1,Alaska,54091,253.0,7351,55.0
675,2021-1,Arkansas,296494,4895.0,67052,1184.0
676,2021-1,Colorado,399384,5737.0,61027,801.0
677,2021-1,Connecticut,253954,7119.0,68246,1124.0
678,2021-1,Delaware,78495,1101.0,20431,171.0
679,2021-1,District of Columbia,37008,916.0,7756,128.0
680,2021-1,Georgia,888462,13821.0,233512,3211.0
681,2021-1,Guam,8577,130.0,282,7.0
682,2021-1,Hawaii,25870,407.0,4134,120.0
683,2021-1,Idaho,163291,1737.0,21903,299.0
684,2021-1,Indiana,631502,9989.0,110752,1618.0
685,2021-1,Iowa,320187,4906.0,37207,1008.0
686,2021-1,Kansas,279587,3809.0,49235,930.0
687,2021-1,Kentucky,368623,3995.0,99153,1039.0
688,2021-1,Louisiana,401591,8912.0,86316,1424.0
689,2021-1,Maine,39543,595.0,15342,248.0
690,2021-1,Maryland,355812,7154.0,75425,1212.0
691,2021-1,Michigan,611223,15527.0,83847,2516.0
692,2021-1,Minnesota,462596,6270.0,47235,888.0
693,2021-1,Mississippi,275706,6056.0,57320,1240.0
694,2021-1,Missouri,494869,7182.0,73652,1276.0
695,2021-1,Montana,94146,1235.0,12445,273.0
696,2021-1,Nevada,279241,4281.0,52195,1135.0
697,2021-1,New Hampshire,66058,1059.0,22030,300.0
698,2021-1,New Jersey,700346,21513.0,215464,2353.0
699,2021-1,New Mexico,174550,3297.0,30408,793.0
700,2021-1,North Carolina,763358,9397.0,219382,2578.0
701,2021-1,North Dakota,97708,1447.0,4931,131.0
702,2021-1,Northern Mariana Islands,131,2.0,9,0.0
703,2021-1,Ohio,899079,11233.0,198699,2271.0
704,2021-1,Oklahoma,390868,3564.0,99932,1075.0
705,2021-1,Pennsylvania,851911,21741.0,198959,5494.0
706,2021-1,Puerto Rico,127853,,17184,
707,2021-1,South Carolina,445916,7283.0,138409,1987.0
708,2021-1,South Dakota,108315,1778.0,9151,290.0
709,2021-1,Tennessee,715439,9660.0,142860,2814.0
710,2021-1,Vermont,12083,175.0,4671,39.0
711,2021-1,Virgin Islands,2421,24.0,385,1.0
712,2021-1,Virginia,507640,6474.0,152874,1393.0
713,2021-1,West Virginia,121425,2028.0,33605,667.0
714,2021-1,Wyoming,52057,596.0,7648,158.0
715,2021-2,Arizona,818268,15979.0,55810,2855.0
716,2021-2,California,3573656,52487.0,232096,11203.0
717,2021-2,Illinois,1191207,22759.0,59995,1486.0
718,2021-2,Massachusetts,582543,16144.0,56120,1537.0
719,2021-2,Washington,343723,5038.0,26020,634.0
720,2021-2,Florida,1910913,30998.0,183814,4314.0
721,2021-2,Nebraska,201556,2205.0,9444,174.0
722,2021-2,New York,1650560,47247.0,221464,3893.0
723,2021-2,Oregon,155873,2222.0,12500,242.0
724,2021-2,Rhode Island,126588,2517.0,10632,344.0
725,2021-2,Texas,2661425,44078.0,246957,6673.0
726,2021-2,Utah,371548,1940.0,24338,271.0
727,2021-2,Wisconsin,617700,7019.0,24779,580.0
728,2021-2,Alabama,493769,9931.0,32909,2243.0
729,2021-2,Alaska,58229,289.0,4138,36.0
730,2021-2,Arkansas,322509,5250.0,26015,355.0
731,2021-2,Colorado,432186,6046.0,32802,309.0
732,2021-2,Connecticut,282626,7651.0,28672,532.0
733,2021-2,Delaware,87080,1422.0,8585,321.0
734,2021-2,District of Columbia,40684,1019.0,3676,103.0
735,2021-2,Georgia,983879,16834.0,95417,3013.0
736,2021-2,Guam,8706,132.0,129,2.0
737,2021-2,Hawaii,27499,436.0,1629,29.0
738,2021-2,Idaho,171618,1869.0,8327,132.0
739,2021-2,Indiana,665422,12595.0,33920,2606.0
740,2021-2,Iowa,336890,5472.0,16703,566.0
741,2021-2,Kansas,297436,4743.0,17849,934.0
742,2021-2,Kentucky,408854,4802.0,40231,807.0
743,2021-2,Louisiana,430504,9628.0,28913,716.0
744,2021-2,Maine,44762,703.0,5219,108.0
745,2021-2,Maryland,382884,7879.0,27072,725.0
746,2021-2,Michigan,647365,16509.0,36142,982.0
747,2021-2,Minnesota,485298,6554.0,22702,284.0
748,2021-2,Mississippi,294994,6681.0,19288,625.0
749,2021-2,Missouri,517597,8385.0,22728,1203.0
750,2021-2,Montana,100115,1358.0,5969,123.0
751,2021-2,Nevada,294060,4957.0,14819,676.0
752,2021-2,New Hampshire,75588,1170.0,9530,111.0
753,2021-2,New Jersey,792496,23273.0,92150,1760.0
754,2021-2,New Mexico,185297,3731.0,10747,434.0
755,2021-2,North Carolina,865988,11286.0,102630,1889.0
756,2021-2,North Dakota,99882,1475.0,2174,28.0
757,2021-2,Northern Mariana Islands,143,2.0,12,0.0
758,2021-2,Ohio,968874,17348.0,69795,6115.0
759,2021-2,Oklahoma,424888,4478.0,34020,914.0
760,2021-2,Pennsylvania,938308,24065.0,86397,2324.0
761,2021-2,Puerto Rico,134199,,6346,
762,2021-2,South Carolina,517976,8562.0,72060,1279.0
763,2021-2,South Dakota,112470,1888.0,4155,110.0
764,2021-2,Tennessee,761891,11327.0,46452,1667.0
765,2021-2,Vermont,15284,205.0,3201,30.0
766,2021-2,Virgin Islands,2646,25.0,225,1.0
767,2021-2,Virginia,577174,8783.0,69534,2309.0
768,2021-2,West Virginia,132048,2300.0,10623,272.0
769,2021-2,Wyoming,54471,671.0,2414,75.0
770,2021-3,Arizona,842200,16977.0,23932,998.0
771,2021-3,California,3671559,59370.0,97903,6883.0
772,2021-3,Illinois,1251829,23601.0,60622,842.0
773,2021-3,Massachusetts,638339,17217.0,55796,1073.0
774,2021-3,Washington,368049,5316.0,24326,278.0
775,2021-3,Florida,2064517,33493.0,153604,2495.0
776,2021-3,Nebraska,210455,2284.0,8899,79.0
777,2021-3,New York,1880768,49872.0,230208,2625.0
778,2021-3,Oregon,165524,2398.0,9651,176.0
779,2021-3,Rhode Island,137848,2624.0,11260,107.0
780,2021-3,Texas,2797637,48650.0,136212,4572.0
781,2021-3,Utah,386188,2125.0,14640,185.0
782,2021-3,Wisconsin,637117,7327.0,19417,308.0
783,2021-3,Alabama,515866,10553.0,22097,622.0
784,2021-3,Alaska,62785,299.0,4556,10.0
785,2021-3,Arkansas,330609,5636.0,8100,386.0
786,2021-3,Colorado,466368,6183.0,34182,137.0
787,2021-3,Connecticut,312468,7900.0,29842,249.0
788,2021-3,Delaware,95188,1559.0,8108,137.0
789,2021-3,District of Columbia,44656,1066.0,3972,47.0
790,2021-3,Georgia,1036700,18536.0,52821,1702.0
791,2021-3,Guam,8779,135.0,73,3.0
792,2021-3,Hawaii,29888,460.0,2389,24.0
793,2021-3,Idaho,181023,1967.0,9405,98.0
794,2021-3,Indiana,691001,13048.0,25579,453.0
795,2021-3,Iowa,352137,5751.0,15247,279.0
796,2021-3,Kansas,304685,4913.0,7249,170.0
797,2021-3,Kentucky,431160,6172.0,22306,1370.0
798,2021-3,Louisiana,445469,10161.0,14965,533.0
799,2021-3,Maine,50788,744.0,6026,41.0
800,2021-3,Maryland,413113,8303.0,30229,424.0
801,2021-3,Michigan,753124,17165.0,105759,656.0
802,2021-3,Minnesota,521745,6938.0,36447,384.0
803,2021-3,Mississippi,305417,7048.0,10423,367.0
804,2021-3,Missouri,585861,8981.0,68264,596.0
805,2021-3,Montana,104865,1438.0,4750,80.0
806,2021-3,Nevada,304139,5256.0,10079,299.0
807,2021-3,New Hampshire,84539,1245.0,8951,75.0
808,2021-3,New Jersey,914420,24591.0,121924,1318.0
809,2021-3,New Mexico,191946,3944.0,6649,213.0
810,2021-3,North Carolina,921917,12160.0,55929,874.0
811,2021-3,North Dakota,103331,1498.0,3449,23.0
812,2021-3,Northern Mariana Islands,159,2.0,16,0.0
813,2021-3,Ohio,1020041,18609.0,51167,1261.0
814,2021-3,Oklahoma,438777,4953.0,13889,475.0
815,2021-3,Pennsylvania,1034263,25179.0,95955,1114.0
816,2021-3,Puerto Rico,141595,,7396,
817,2021-3,South Carolina,552681,9174.0,34705,612.0
818,2021-3,South Dakota,117989,1938.0,5519,50.0
819,2021-3,Tennessee,799226,11809.0,37335,482.0
820,2021-3,Vermont,19523,227.0,4239,22.0
821,2021-3,Virgin Islands,2907,26.0,261,1.0
822,2021-3,Virginia,620801,10268.0,43627,1485.0
823,2021-3,West Virginia,142233,2683.0,10185,383.0
824,2021-3,Wyoming,56389,700.0,1918,29.0
